{
  "project_info": {
    "project_number": "464908653813",
    "project_id": "circular-unity-414621",
    "storage_bucket": "circular-unity-414621.appspot.com"
  },
  "client": [
    {
      "client_info": {
        "mobilesdk_app_id": "1:464908653813:android:97eb2fd44f4583ed2a61bc",
        "android_client_info": {
          "package_name": "edu.csuglobal.csc475.gpsTracking"
        }
      },
      "oauth_client": [],
      "api_key": [
        {
          "current_key": "AIzaSyBv1mtWTWYKeStXD-ZUCYuRisxq_e1quEI"
        }
      ],
      "services": {
        "appinvite_service": {
          "other_platform_oauth_client": []
        }
      }
    }
  ],
  "configuration_version": "1"
}